k,total,hits,p_high_within_H
2,71919,28963,0.40271694545252296
3,37021,14873,0.40174495556575995
4,18980,7608,0.40084299262381456
5,9735,3865,0.3970210580380072
6,4962,1954,0.39379282547359934
7,2527,999,0.3953304313415117
8,1298,526,0.4052388289676425
9,682,285,0.4178885630498534
10,357,149,0.4173669467787115
11,187,77,0.4117647058823529
12,97,39,0.4020618556701031
13,52,21,0.40384615384615385
14,28,10,0.35714285714285715
