{
  "basic": {
    "n": 271317,
    "mean": 21.994022858869887,
    "median": 1.93,
    "std": 4824.970777600149,
    "min": 1.0,
    "max": 2478941.45,
    "entropy": 0.0015673487318798032
  },
  "chi_square_uniform": {
    "bins": 60,
    "statistic": 16006983.010614883,
    "pvalue": 0.0,
    "dof": 59,
    "observed": [
      271311,
      3,
      1,
      0,
      0,
      0,
      0,
      0,
      1,
      0,
      0,
      0,
      0,
      0,
      0,
      0,
      0,
      0,
      0,
      0,
      0,
      0,
      0,
      0,
      0,
      0,
      0,
      0,
      0,
      0,
      0,
      0,
      0,
      0,
      0,
      0,
      0,
      0,
      0,
      0,
      0,
      0,
      0,
      0,
      0,
      0,
      0,
      0,
      0,
      0,
      0,
      0,
      0,
      0,
      0,
      0,
      0,
      0,
      0,
      1
    ],
    "expected": [
      4521.95,
      4521.95,
      4521.95,
      4521.95,
      4521.95,
      4521.95,
      4521.95,
      4521.95,
      4521.95,
      4521.95,
      4521.95,
      4521.95,
      4521.95,
      4521.95,
      4521.95,
      4521.95,
      4521.95,
      4521.95,
      4521.95,
      4521.95,
      4521.95,
      4521.95,
      4521.95,
      4521.95,
      4521.95,
      4521.95,
      4521.95,
      4521.95,
      4521.95,
      4521.95,
      4521.95,
      4521.95,
      4521.95,
      4521.95,
      4521.95,
      4521.95,
      4521.95,
      4521.95,
      4521.95,
      4521.95,
      4521.95,
      4521.95,
      4521.95,
      4521.95,
      4521.95,
      4521.95,
      4521.95,
      4521.95,
      4521.95,
      4521.95,
      4521.95,
      4521.95,
      4521.95,
      4521.95,
      4521.95,
      4521.95,
      4521.95,
      4521.95,
      4521.95,
      4521.95
    ]
  },
  "ks_scaled_uniform": {
    "statistic": 0.9986712917670223,
    "pvalue": 0.0,
    "note": "min-max scaled to [0,1]"
  },
  "jarque_bera": {
    "JB": 5854387120.398882,
    "pvalue": 0.0,
    "skewness": 501.57502324623397,
    "kurtosis": 256928.67042410976
  },
  "runs_test": {
    "runs": 135555,
    "n_above": 135647,
    "n_below": 134976,
    "z": 0.9355135713446506,
    "pvalue": 0.3495236926196754,
    "cut": "median"
  },
  "runs_up_down": {
    "runs": 180625,
    "n_up": 134675,
    "n_down": 135352,
    "z": 175.55081419330082,
    "pvalue": 0.0
  },
  "acf": {
    "lags": [
      1,
      2,
      3,
      4,
      5,
      6,
      7,
      8,
      9,
      10,
      11,
      12,
      13,
      14,
      15,
      16,
      17,
      18,
      19,
      20,
      21,
      22,
      23,
      24
    ],
    "acf": [
      -1.4856388614048562e-05,
      -1.4471913443434613e-05,
      -9.712185471988072e-06,
      -1.330337411075478e-05,
      -1.2510738685565385e-05,
      -9.534627329766422e-06,
      -1.2320589878273303e-05,
      -1.4124321410679835e-05,
      -8.633952442298998e-06,
      -1.4301863315286217e-05,
      -8.790931109246927e-06,
      -1.2910269355507234e-05,
      -1.0440752799628825e-05,
      -1.2603375323723238e-05,
      -8.313595747292679e-06,
      -4.3993319460761e-06,
      -1.3184248562339005e-05,
      -1.428501772367922e-05,
      -6.760684281881919e-06,
      -1.3396170057847079e-05,
      -1.4106891869625483e-05,
      -1.3660465532357294e-05,
      -1.3831728620103209e-05,
      -1.4968646638280902e-05
    ],
    "ci_approx": 0.0037628557355206074
  },
  "ljung_box": {
    "lags": 24,
    "Q": 0.0009723398798980235,
    "pvalue": 1.0,
    "dof": 24,
    "rhos": [
      -1.4856388614048562e-05,
      -1.4471913443434613e-05,
      -9.712185471988072e-06,
      -1.330337411075478e-05,
      -1.2510738685565385e-05,
      -9.534627329766422e-06,
      -1.2320589878273303e-05,
      -1.4124321410679835e-05,
      -8.633952442298998e-06,
      -1.4301863315286217e-05,
      -8.790931109246927e-06,
      -1.2910269355507234e-05,
      -1.0440752799628825e-05,
      -1.2603375323723238e-05,
      -8.313595747292679e-06,
      -4.3993319460761e-06,
      -1.3184248562339005e-05,
      -1.428501772367922e-05,
      -6.760684281881919e-06,
      -1.3396170057847079e-05,
      -1.4106891869625483e-05,
      -1.3660465532357294e-05,
      -1.3831728620103209e-05,
      -1.4968646638280902e-05
    ]
  },
  "bds": {
    "m=2": {
      "m": 2,
      "eps": 3377.4795443201037,
      "n": 271317,
      "stat": -1.0997447130125204,
      "pvalue": 0.2714433671625156
    },
    "m=3": {
      "m": 3,
      "eps": 3377.4795443201037,
      "n": 271317,
      "stat": -0.4285131180813963,
      "pvalue": 0.6682775849827232
    },
    "m=4": {
      "m": 4,
      "eps": 3377.4795443201037,
      "n": 271317,
      "stat": -0.4846256822001753,
      "pvalue": 0.6279418925713645
    },
    "m=5": {
      "m": 5,
      "eps": 3377.4795443201037,
      "n": 271317,
      "stat": -0.37763195325666343,
      "pvalue": 0.7057040241093149
    }
  },
  "plots": {
    "hist": "audit_out\\plots\\histograma.png",
    "acf": "audit_out\\plots\\acf.png",
    "qq": "audit_out\\plots\\qqplot.png",
    "bds": "audit_out\\plots\\bds.png"
  }
}